"","id","Year","aff"
"1",1,1995,"Kingdom"
"2",2,1995,"China,States"
"3",3,1996,"Thailand"
"4",4,1996,"Kingdom,Kingdom,India"
"5",5,1997,"Philippines"
"6",6,1997,"India,India"
"7",7,1997,"Bangladesh,Bangladesh,Bangladesh,Bangladesh"
"8",8,1998,"China,China"
"9",10,1999,"China"
"10",11,1999,"Nepal,India"
"11",12,2000,"Bhutan,Switzerland,Philippines"
"12",13,2000,"Thailand"
"13",14,2000,"Kingdom,Nepal,Nepal,Kingdom"
"14",16,2000,"States,States"
"15",17,2000,"China"
"16",18,2000,"Nepal,India,Nepal"
"17",19,2001,"India"
"18",20,2001,"India,India,India"
"19",21,2001,"Nepal,India,Nepal,India"
"20",22,2001,"India"
"21",23,2001,"China,Italy"
"22",24,2001,"Thailand"
"23",25,2001,"Nepal"
"24",26,2001,"Nepal,Australia,Australia"
"25",27,2001,"India"
"26",29,2001,"Germany"
"27",30,2002,"Thailand,States,Nepal"
"28",31,2002,"Nepal,India,India"
"29",32,2002,"Australia"
"30",33,2002,"Canada"
"31",35,2002,"Kenya,Malaysia,Kingdom"
"32",36,2003,"China,China"
"33",37,2003,"China"
"34",38,2003,"India"
"35",39,2003,"China,States"
"36",40,2003,"India"
"37",41,2003,"Australia"
"38",42,2003,"China,China,China,China,Zealand"
"39",43,2003,"China,States"
"40",44,2003,"China"
"41",45,2004,"Canada,Canada,Nepal"
"42",46,2004,"China"
"43",47,2004,"China,China"
"44",48,2004,"China,China"
"45",49,2004,"Thailand"
"46",50,2004,"Norway,Nepal,Norway,Norway"
"47",51,2004,"Nepal,Kingdom"
"48",52,2004,"India"
"49",53,2004,"Kingdom,Nepal,Nepal"
"50",55,2004,"India,India,India,India"
"51",56,2004,"Bhutan,Kingdom,Germany"
"52",57,2004,"Nepal"
"53",58,2005,"States,Italy"
"54",59,2005,"India,India"
"55",60,2005,"India,India"
"56",61,2005,"China,China"
"57",62,2005,"Italy,Italy,Bangladesh,Italy,Italy,Italy"
"58",63,2005,"India"
"59",64,2005,"States,States"
"60",65,2005,"India,India"
"61",66,2005,"Australia"
"62",67,2005,"China,China"
"63",68,2005,"India,India,India,India"
"64",69,2005,"China"
"65",70,2005,"Kingdom,Nepal,Nepal,Bangladesh,Bangladesh,Nepal"
"66",71,2005,"Thailand,Nepal"
"67",72,2005,"India"
"68",74,2005,"States"
"69",75,2005,"Thailand"
"70",76,2006,"States"
"71",77,2006,"India,India,India,India"
"72",78,2006,"China"
"73",79,2006,"India"
"74",80,2006,"Nepal,Nepal"
"75",81,2006,"China"
"76",82,2006,"Kingdom,Kingdom,Kingdom"
"77",84,2006,"India,India"
"78",85,2006,"Sweden,Nepal,Sweden"
"79",86,2006,"China,China"
"80",87,2006,"Australia"
"81",88,2006,"China,Austria,China,China"
"82",89,2006,"Nepal"
"83",90,2006,"Kingdom,Nepal,Nepal,Nepal"
"84",91,2006,"States"
"85",92,2006,"Nepal,Kingdom,Italy,Nepal"
"86",93,2006,"India,India"
"87",94,2006,"Kingdom,Kingdom,Spain,Pakistan,Pakistan"
"88",95,2006,"States"
"89",98,2007,"India"
"90",99,2007,"India,India,India,India"
"91",100,2007,"Kingdom,Pakistan,Pakistan"
"92",101,2007,"India"
"93",102,2007,"Kingdom,China,Philippines"
"94",103,2007,"India,India,India"
"95",104,2007,"Germany,India,India,India"
"96",105,2007,"Kingdom,Pakistan,Kingdom,Australia,Pakistan,Kingdom"
"97",106,2007,"Nepal,Kingdom,Nepal,Italy"
"98",107,2007,"Nepal,Norway,Norway"
"99",108,2007,"Norway,India"
"100",109,2007,"Nam,Nam,Netherlands,Netherlands"
"101",110,2007,"(IFPRI),Nepal,International"
"102",111,2007,"China,China"
"103",112,2007,"India"
"104",113,2007,"Canada"
"105",114,2007,"India"
"106",115,2007,"Nepal"
"107",116,2007,"States"
"108",117,2007,"States"
"109",118,2008,"Thailand,Nepal"
"110",119,2008,"India,India"
"111",120,2008,"Thailand"
"112",121,2008,"Germany"
"113",122,2008,"China,China"
"114",123,2008,"China"
"115",124,2008,"States,Mexico,China,States"
"116",125,2008,"China"
"117",126,2008,"Pakistan"
"118",127,2008,"India"
"119",128,2008,"India"
"120",129,2008,"Kingdom,India,India,India,India,India"
"121",130,2008,"Kingdom,Kingdom,Australia,Germany,Spain,Pakistan,Pakistan,Australia,India"
"122",131,2008,"China,Africa,Africa,Germany,China"
"123",132,2008,"India,India"
"124",133,2008,"China,China"
"125",134,2008,"India"
"126",135,2008,"India,India,India"
"127",136,2008,"China,China,China"
"128",137,2009,"Australia,China,Italy,Australia,Australia"
"129",138,2009,"India,Canada,Canada"
"130",139,2009,"States,Bangladesh,States"
"131",140,2009,"Japan,China,China,China,China"
"132",141,2009,"India,India"
"133",143,2009,"China,China,China,China,China,China,China,China,China"
"134",144,2009,"Kenya"
"135",145,2009,"Nepal"
"136",146,2009,"China,China"
"137",147,2009,"India"
"138",148,2009,"Nepal,Kingdom,Nepal"
"139",149,2009,"Kingdom,Nepal,India"
"140",150,2009,"Thailand"
"141",151,2009,"Pakistan,Pakistan,Pakistan"
"142",152,2009,"India"
"143",153,2009,"Nepal,Taiwan,Taiwan,Nepal"
"144",154,2009,"India,India,India"
"145",155,2009,"Thailand,Thailand,Thailand"
"146",156,2009,"China,Japan"
"147",157,2009,"Nepal"
"148",161,2009,"China,Australia,China"
"149",162,2009,"India"
"150",163,2009,"China"
"151",164,2009,"India"
"152",165,2009,"India"
"153",167,2010,"Australia"
"154",168,2010,"China,China,China,China,China"
"155",169,2010,"China,China"
"156",170,2010,"India,India"
"157",171,2010,"India,Kingdom,States"
"158",172,2010,"Korea,Korea,Korea,Korea,States"
"159",173,2010,"India,India"
"160",174,2010,"Nepal,Indonesia,Kingdom"
"161",175,2010,"States,Australia,States,States,States,China,China"
"162",176,2010,"Philippines,India,Australia,Australia,Australia,India"
"163",177,2010,"China,China,Kingdom"
"164",178,2010,"Nepal,India,Nepal,Italy"
"165",179,2010,"India"
"166",181,2010,"Bhutan,Denmark,Denmark,Denmark"
"167",182,2010,"Bangladesh,India,India"
"168",183,2010,"Kenya,States,States,Lanka,Australia,Colombia,Kenya,India,Ethiopia"
"169",184,2010,"India,India"
"170",185,2010,"China,China,States"
"171",186,2011,"India"
"172",187,2011,"Italy,India"
"173",188,2011,"India,India,India,India"
"174",189,2011,"States,China"
"175",190,2011,"China,China"
"176",191,2011,"India"
"177",192,2011,"Nepal,Taiwan,Nepal"
"178",193,2011,"India,India"
"179",194,2011,"Germany,Bangladesh"
"180",195,2011,"Germany"
"181",196,2011,"States,Bangladesh,States,States,India,Bangladesh,States"
"182",197,2011,"Kingdom,Nepal,India"
"183",198,2011,"India"
"184",199,2011,"Australia"
"185",200,2011,"Germany"
"186",201,2011,"India,India,India"
"187",202,2011,"China,Japan,China"
"188",203,2011,"States,States,China,States"
"189",204,2011,"Norway,Norway,Norway"
"190",205,2011,"China"
"191",206,2011,"Japan"
"192",207,2011,"China,China"
"193",208,2011,"India"
"194",209,2012,"India,Canada,India"
"195",210,2012,"India"
"196",211,2012,"Bangladesh,Bangladesh,Bangladesh,States"
"197",212,2012,"Germany"
"198",213,2012,"China,China"
"199",214,2012,"States,Nepal"
"200",215,2012,"India,India,India,India,India"
"201",216,2012,"States,India,States,States"
"202",217,2012,"India,India"
"203",218,2012,"India,India,India"
"204",219,2012,"China,China,China"
"205",220,2012,"Canada"
"206",221,2012,"India,India"
"207",222,2012,"China,China,States,States,China,China"
"208",223,2012,"India,Canada,India,India"
"209",224,2012,"India"
"210",225,2012,"India,India"
"211",226,2012,"States,States,Nepal,Nepal,India"
"212",227,2012,"Brazil,Netherlands,Nepal,Ethiopia,Brazil,Brazil,Brazil,India,India"
"213",228,2012,"India,India"
"214",229,2012,"Nepal,Nepal"
"215",230,2012,"India,India"
"216",231,2012,"India,India,India"
"217",232,2012,"China,Canada"
"218",233,2012,"China,China"
"219",234,2012,"India"
"220",235,2012,"States,Netherlands,States,Brazil,Brazil,Netherlands,Mexico,States,France,Colombia,Faso,Kingdom,Spain,India,States,Germany,Indonesia"
"221",236,2012,"China,China"
"222",237,2012,"China,China,China,China"
"223",238,2012,"India"
"224",239,2012,"Japan,China,Japan"
"225",240,2012,"China"
"226",241,2012,"China,States,China,States"
"227",242,2012,"China,China,China"
"228",243,2012,"China,China,China"
"229",244,2012,"Nepal,States,Kingdom"
"230",245,2013,"Kingdom,States,Colombia,Germany,Kingdom,States"
"231",246,2013,"China"
"232",247,2013,"Republic,Australia,Kenya,Kingdom,Kenya,India,Tunisia,Jordan,Kenya,Peru,Lanka,Kenya,Italy,Benin,Sweden"
"233",248,2013,"China,China,China"
"234",249,2013,"States,States,China,China,States,States"
"235",250,2013,"Brazil,Netherlands"
"236",251,2013,"India,India"
"237",252,2013,"Italy,India,India,India"
"238",253,2013,"Belgium,China,China"
"239",254,2013,"Singapore,Kingdom,China,China,Malaysia,China"
"240",255,2013,"Italy,China,China,China,Germany,China,China,China,China,China,China,China,China"
"241",256,2013,"Malaysia,Bangladesh,Germany"
"242",257,2013,"States"
"243",258,2013,"China,China"
"244",259,2013,"China"
"245",260,2013,"India,India,India"
"246",261,2013,"Germany,Italy,Kingdom,Spain,Spain,India"
"247",262,2013,"China,China"
"248",263,2013,"States,China"
"249",264,2013,"Italy,India,Bolivia,Peru,Colombia,India"
"250",265,2013,"Bangladesh,Nepal,Bangladesh,Kingdom"
"251",266,2013,"India"
"252",267,2013,"China,China,China"
"253",268,2013,"India"
"254",269,2013,"Germany,India,Bangladesh,Belgium"
"255",270,2013,"Arabia,Emirates,States"
"256",271,2013,"India,India"
"257",272,2013,"FAO"
"258",273,2013,"India"
"259",274,2013,"India"
"260",275,2013,"Pakistan,Kingdom,Pakistan,Kingdom,Pakistan"
"261",276,2013,"India,India,India"
"262",277,2013,"China,China"
"263",278,2013,"India"
"264",279,2013,"India,India"
"265",280,2013,"India"
"266",281,2013,"India,States,India"
"267",282,2013,"Netherlands,Nepal,Nepal,India"
"268",283,2013,"China,Poland"
"269",284,2014,"Canada,Canada,Nepal,Nepal,Nepal"
"270",285,2014,"Bangladesh,States"
"271",286,2014,"India"
"272",287,2014,"Bangladesh,Kingdom"
"273",288,2014,"China"
"274",289,2014,"China"
"275",290,2014,"China,China,Africa,China,States"
"276",291,2014,"India"
"277",292,2014,"China,China"
"278",293,2014,"China,China,States,States,China,China,China,Kingdom"
"279",294,2014,"India"
"280",295,2014,"Canada"
"281",296,2014,"China"
"282",297,2014,"States,States,Nepal"
"283",298,2014,"China"
"284",299,2014,"China,Netherlands,Netherlands"
"285",300,2014,"States,China,States,States"
"286",301,2014,"Nepal"
"287",302,2014,"India,India"
"288",303,2014,"India,India,India"
"289",304,2014,"Kenya"
"290",305,2014,"Germany,Sweden,Turkey,Australia,Kingdom,Belgium"
"291",306,2014,"India"
"292",307,2014,"India"
"293",308,2014,"India,India"
"294",309,2014,"China,China"
"295",311,2014,"States"
"296",312,2014,"Pakistan,Thailand"
"297",313,2014,"Lanka,Nepal"
"298",314,2014,"Italy,States,States,Kingdom,Kingdom,Italy"
"299",315,2014,"China,China,Germany"
"300",316,2014,"India,India"
"301",317,2014,"China,States"
"302",318,2014,"China"
"303",319,2014,"Pakistan"
"304",320,2014,"China,China,China,China,China"
"305",321,2014,"India,Australia,Australia,India,India,India"
"306",322,2014,"China,States"
"307",323,2014,"Taiwan,China,States,China"
"308",324,2014,"India,Poland,India"
"309",325,2014,"Nepal"
"310",326,2014,"Nepal,Nepal"
"311",327,2014,"India,India,India"
"312",328,2014,"Ireland"
"313",329,2014,"India,India"
"314",330,2014,"China"
"315",331,2014,"India,States,States,States,India,Korea"
"316",332,2014,"States"
"317",333,2014,"India,Ethiopia,Ethiopia,India,Nepal,Cambodia,India,Pakistan,States,India"
"318",335,2014,"Pakistan"
"319",336,2014,"China,Poland,China"
"320",337,2015,"States,China,India,China"
"321",338,2015,"France,France,France,France,France,Canada,France,France,France,France,Italy,States,France,Nam,Nepal,Nepal,France,Senegal,Senegal,Mexico,Mexico,France"
"322",339,2015,"India,India"
"323",340,2015,"Germany"
"324",341,2015,"India,India,India,India"
"325",342,2015,"India"
"326",343,2015,"India,India,India"
"327",344,2015,"India,India"
"328",345,2015,"Pakistan,Australia"
"329",346,2015,"India,India,India,India"
"330",347,2015,"China,China,China"
"331",348,2015,"Kingdom,China,China,China"
"332",349,2015,"India,India,India"
"333",350,2015,"India"
"334",351,2015,"China,China"
"335",352,2015,"India"
"336",353,2015,"France,France,France,France,China"
"337",354,2015,"India,India,India,India,India"
"338",355,2015,"India,India"
"339",356,2015,"India"
"340",357,2015,"India"
"341",358,2015,"Colombia,Netherlands,Kingdom,States,Canada,Australia,Netherlands,India,States,Australia,Colombia,Kingdom"
"342",359,2015,"Philippines,Nepal"
"343",360,2015,"China,Kong,Kingdom"
"344",361,2015,"China"
"345",362,2015,"China"
"346",363,2015,"India,India"
"347",364,2015,"States,States,States,States,Brazil,Australia,China,Spain,States,France"
"348",365,2015,"China"
"349",366,2015,"India"
"350",367,2015,"India,India,India"
"351",368,2015,"India,India"
"352",369,2015,"Bangladesh"
"353",370,2015,"Nepal,Norway,Australia,Indonesia"
"354",371,2015,"Kingdom,China"
"355",372,2015,"China,China,Netherlands"
"356",373,2015,"China"
"357",374,2015,"Kingdom,India,Kingdom"
"358",376,2015,"Australia"
"359",377,2015,"China,India"
"360",378,2015,"China,China"
"361",379,2015,"India"
"362",380,2015,"India"
"363",381,2015,"India,India,India"
"364",382,2015,"States,States"
"365",383,2015,"India,India"
"366",384,2015,"India,India"
"367",385,2015,"Australia"
"368",386,2015,"China,China"
"369",387,2015,"India,India,India,India"
"370",388,2015,"India,India,India,India"
"371",389,2015,"India,India"
"372",390,2015,"Kingdom,Kingdom,China,Kingdom,Kingdom,Australia,Switzerland,Kingdom"
"373",391,2015,"Mexico,Germany,India"
"374",392,2015,"Egypt,India"
"375",393,2015,"India,India,India"
"376",394,2015,"Indonesia,Spain"
"377",395,2015,"India"
"378",396,2015,"India"
"379",397,2015,"Pakistan"
"380",398,2015,"Kingdom,Kingdom,China,China,Australia"
"381",399,2015,"Japan,India"
"382",400,2015,"India"
"383",401,2015,"India,India"
"384",402,2015,"India,India,India"
"385",403,2015,"States"
"386",404,2015,"Denmark"
"387",405,2015,"China,China,China"
"388",406,2015,"Finland,Bangladesh"
"389",407,2015,"650205,Canada,Japan"
"390",408,2015,"Kingdom,Kingdom,Kingdom,Kingdom,China"
"391",409,2015,"China,China,China,China,China,China"
"392",410,2015,"Canada,Canada,India"
"393",411,2015,"India,India,India"
"394",412,2015,"India,India"
"395",413,2015,"Pakistan"
"396",414,2016,"Ireland,Ireland,China,Ireland"
"397",415,2016,"India,India"
"398",416,2016,"China,China,Canada,China,China"
"399",418,2016,"India,India,India"
"400",419,2016,"India,India"
"401",420,2016,"Canada,Canada,Nepal,Nepal,Nepal"
"402",421,2016,"Italy,Italy,Italy,Nepal,States"
"403",422,2016,"India,India,India,Ethiopia"
"404",423,2016,"India,India,India"
"405",424,2016,"India"
"406",425,2016,"China,China,China"
"407",426,2016,"Bhutan,Bhutan,Bhutan,Bhutan,Bhutan,Australia,Bhutan"
"408",427,2016,"Kingdom"
"409",428,2016,"India,India,Norway,France"
"410",429,2016,"States,India"
"411",430,2016,"Switzerland,China"
"412",431,2016,"Pakistan,Pakistan,Kingdom,Switzerland"
"413",432,2016,"China,China,China"
"414",433,2016,"Thailand,Thailand,Bangladesh,Bangladesh"
"415",434,2016,"China,China,China,China"
"416",435,2016,"India"
"417",436,2016,"Nepal,Nepal"
"418",437,2016,"Australia,Australia"
"419",438,2016,"China,China,China"
"420",439,2016,"India"
"421",440,2016,"India,India,India"
"422",441,2016,"India,India"
"423",442,2016,"India,India,India,India"
"424",443,2016,"Philippines,Nepal"
"425",444,2016,"Pakistan,Pakistan,Arabia,Pakistan,Pakistan"
"426",445,2016,"Afghanistan"
"427",446,2016,"China,China,China,China"
"428",447,2016,"China,China,China"
"429",448,2016,"Thailand,Denmark,Thailand,China"
"430",449,2016,"Italy,Italy,Italy,Italy"
"431",450,2016,"Nigeria,Australia,Australia,Kingdom,Kingdom,Japan,China,Brazil,States,Germany,Italy,States,States,Australia,Japan,States,Kingdom,Kingdom,States,Malaysia,States,Australia,Sweden,States,Italy,India,Japan"
"432",451,2016,"India,India"
"433",452,2016,"India,India,India"
"434",453,2016,"India,India"
"435",454,2016,"India,India"
"436",455,2016,"China,Kingdom,States,Kingdom"
"437",456,2016,"China,China,China,China"
"438",457,2016,"India,India"
"439",458,2016,"India"
"440",459,2016,"India,Canada"
"441",460,2016,"Canada,States,Nepal"
"442",461,2016,"Germany,China,China,Federation,Germany,China,Kenya,Kingdom"
"443",462,2016,"Canada"
"444",463,2016,"China"
"445",464,2016,"Malaysia,Malaysia,Malaysia,Malaysia,Malaysia"
"446",465,2016,"China,Australia,China,China,China,Philippines,Nam,Thailand,Nam,Nam,Thailand,Zealand,Malaysia"
"447",466,2016,"India,India"
"448",467,2016,"India"
"449",468,2016,"Pakistan,Pakistan,Pakistan,France,France"
"450",469,2016,"Canada,India"
"451",470,2016,"India,India"
"452",471,2016,"Bangladesh,Bangladesh"
"453",472,2016,"China,China"
"454",473,2016,"Germany,Germany"
"455",474,2016,"India,India,States"
"456",475,2016,"Philippines,Japan"
"457",476,2016,"Canada,Canada"
"458",477,2016,"Pakistan,Pakistan,Malaysia"
"459",478,2016,"Germany,Spain"
"460",479,2016,"Malaysia,Bangladesh,Bangladesh,Kingdom"
"461",480,2016,"India,India,India"
"462",481,2016,"Germany,States"
"463",482,2016,"Pakistan,Pakistan,Pakistan"
"464",483,2016,"India"
"465",484,2016,"Belgium,Belgium,China,China"
"466",485,2016,"China,China"
"467",487,2017,"Kingdom,Australia,Kingdom,Nepal"
"468",488,2017,"India"
"469",489,2017,"Italy,India"
"470",490,2017,"Germany,China,China,China"
"471",491,2017,"Australia,Nepal,Nepal,Australia,Nepal,Singapore,Australia"
"472",492,2017,"China,China,Nepal"
"473",493,2017,"China"
"474",494,2017,"China,Canada,China,China,China,China"
"475",495,2017,"India"
"476",496,2017,"India"
"477",497,2017,"Canada"
"478",498,2017,"Canada,Canada,Canada,Canada,States"
"479",499,2017,"India"
"480",500,2017,"Pakistan,Pakistan"
"481",501,2017,"China,China,China,States,China"
"482",502,2017,"China"
"483",503,2017,"Pakistan"
"484",504,2017,"Pakistan,Pakistan,Pakistan,Turkey"
"485",505,2017,"Turkey,Pakistan,Iran"
"486",506,2017,"China,China,China"
"487",507,2017,"Italy,India"
"488",508,2017,"Nepal"
"489",509,2017,"India,India"
"490",510,2017,"Mexico,Pakistan"
"491",511,2017,"China,China,States,China"
"492",512,2017,"China,China,China"
"493",513,2017,"India"
"494",514,2017,"India,India"
"495",515,2017,"Bangladesh,Bangladesh,Bangladesh,Kingdom,Bangladesh"
"496",516,2017,"Pakistan,Pakistan,Pakistan,Pakistan,Kingdom"
"497",517,2017,"India"
"498",518,2017,"India,India,India"
"499",519,2017,"India"
"500",520,2017,"Kingdom,India,Canada"
"501",521,2017,"China"
"502",522,2017,"Pakistan,Pakistan,Pakistan"
"503",523,2017,"Bhutan"
"504",524,2017,"India"
"505",525,2017,"Australia,Australia"
"506",526,2017,"States,States,Azerbaijan,Kyrgyzstan,Georgia,Azerbaijan,Georgia"
"507",527,2017,"India,India"
"508",528,2017,"China,Netherlands,Spain,Spain,Federation,States,Kingdom,Thailand,Germany,Greece,Indonesia,Kingdom,Portugal,Slovenia,Finland,Denmark,Italy"
"509",529,2017,"China,States,States"
"510",530,2017,"States,States,States"
"511",531,2017,"Germany,States,Kingdom,Switzerland,France,Nam"
"512",532,2017,"Bhutan,States,Australia,Australia,Bhutan"
"513",533,2017,"China"
"514",534,2017,"India"
"515",535,2017,"India,India"
"516",536,2017,"States,China"
"517",537,2017,"Pakistan,Pakistan"
"518",538,2017,"China,China"
"519",539,2017,"Cambodia,Malaysia,Laos,Malaysia,Australia"
"520",540,2017,"China,China,China"
"521",541,2017,"China"
"522",542,2017,"India"
"523",543,2017,"China,China,China"
"524",544,2017,"India"
"525",545,2017,"China,China,China,China,China"
"526",546,2017,"India"
"527",547,2017,"India,India,Italy,Canada"
"528",548,2017,"China,Germany"
"529",549,2017,"States,States,China,States,States"
"530",550,2017,"China"
"531",551,2017,"India,India,Australia,India,India,India,Australia"
"532",552,2017,"India"
"533",553,2017,"India"
"534",554,2017,"India,India"
"535",555,2017,"India,India"
"536",556,2017,"India"
"537",557,2017,"China,Germany"
"538",558,2017,"Germany,China,China,Federation,China,Germany"
"539",559,2017,"China,China,China,China,China"
"540",560,2017,"China,Germany"
"541",561,2017,"Kingdom,Kingdom,China,China,China,Kingdom"
"542",562,2017,"Bangladesh,Nepal"
"543",563,2017,"China,China,China,Kingdom"
"544",564,2017,"Bangladesh,Bangladesh,Bangladesh,Bangladesh"
"545",565,2017,"India"
"546",566,2017,"India,India"
"547",567,2017,"Pakistan,Pakistan,Pakistan,States"
"548",568,2017,"Bhutan,Bhutan,Bhutan,Australia"
"549",569,2017,"Kingdom"
"550",570,2017,"India"
"551",571,2017,"States,States,States,States"
"552",572,2018,"India"
"553",573,2018,"China,China,China,China,China"
"554",574,2018,"Taiwan,Taiwan,Taiwan,China,Taiwan"
"555",575,2018,"India,France,Kenya,France,Australia,States"
"556",576,2018,"States,China,China"
"557",577,2018,"Singapore,India"
"558",578,2018,"India"
"559",579,2018,"India,Nepal"
"560",580,2018,"Pakistan"
"561",581,2018,"Pakistan"
"562",582,2018,"Pakistan,Australia"
"563",583,2018,"China,China,Netherlands,Australia,Spain,China"
"564",584,2018,"India,India"
"565",585,2018,"Nam,India,Nepal,Nepal"
"566",586,2018,"China,China,Netherlands,Australia,Spain"
"567",587,2018,"India,India,India,India"
"568",588,2018,"India,India,India"
"569",589,2018,"Nepal,Korea,Nepal,Korea"
"570",590,2018,"India,India"
"571",591,2018,"India,India"
"572",592,2018,"India,India"
"573",593,2018,"India,Sweden"
"574",594,2018,"China,China,China"
"575",595,2018,"Mexico,Kenya,Nicaragua,Bangladesh,India"
"576",596,2018,"India"
"577",597,2018,"Kingdom"
"578",598,2018,"India,India,India,India,India,India,India"
"579",599,2018,"India,India,India,India,India"
"580",600,2018,"India,India,India,India"
"581",601,2018,"China,China,Taiwan"
"582",602,2018,"India,India,India"
"583",603,2018,"China"
"584",604,2018,"States,China,States,States"
"585",605,2018,"China"
"586",606,2018,"China,China,Kong"
"587",607,2018,"India,India,India,India"
"588",608,2018,"Pakistan"
"589",609,2018,"Nepal,Nepal,Nepal,Nepal"
"590",610,2018,"Nepal,Nepal,Nepal,Nepal"
"591",611,2018,"India"
"592",612,2018,"Netherlands,Netherlands,Nepal,Argentina"
"593",613,2018,"Australia,Australia"
"594",614,2018,"China,Ethiopia,China"
"595",615,2018,"India,India,India"
"596",616,2018,"China,China,China,China,China"
"597",617,2018,"Nepal,India,Nepal"
"598",618,2018,"India,Switzerland"
"599",619,2018,"Switzerland,Romania"
"600",620,2018,"Pakistan,Pakistan"
"601",621,2018,"India"
"602",622,2018,"Pakistan,Pakistan,Pakistan"
"603",623,2018,"India"
"604",624,2018,"Australia,India,States,States,States"
"605",625,2018,"Pakistan,Pakistan,Pakistan"
"606",626,2018,"China,China,China"
"607",627,2018,"India"
"608",628,2018,"China"
"609",629,2018,"India,India"
"610",630,2018,"Pakistan,Pakistan"
"611",631,2018,"India"
"612",632,2018,"India"
"613",633,2018,"Canada,Nepal"
"614",634,2018,"India"
"615",635,2018,"China,China,China"
"616",636,2018,"Kingdom"
"617",637,2018,"India,States,Zambia,Africa"
"618",638,2018,"China"
"619",639,2018,"India,India"
"620",640,2018,"China"
"621",641,2018,"China,China,China"
"622",642,2018,"China,States"
"623",643,2018,"India,India,India,India,India"
"624",644,2018,"China,China,China"
"625",645,2018,"States"
"626",646,2018,"China"
"627",647,2018,"China,States,States"
"628",648,2018,"India,India,India,India,India,India"
"629",649,2018,"China"
"630",650,2018,"States,India,Netherlands"
"631",651,2018,"China,States,Canada,States,China,China,China,China"
"632",652,2018,"China"
"633",653,2018,"India"
"634",654,2018,"India"
"635",655,2018,"China,China,China,China"
"636",656,2018,"Japan"
"637",657,2018,"China"
"638",658,2018,"Pakistan"
"639",659,2018,"India,India"
"640",660,2018,"Pakistan,Pakistan,Pakistan"
"641",661,2018,"India"
"642",662,2018,"India"
"643",663,2018,"Pakistan"
"644",664,2018,"China"
"645",665,2018,"China,China"
"646",666,2018,"China,China,China"
"647",667,2018,"China,States,China,China"
"648",668,2018,"India,India,India,India"
"649",669,2018,"States"
"650",670,2018,"India,India,India"
"651",671,2018,"China,China,China"
"652",672,2018,"Bhutan"
"653",673,2018,"Switzerland,India,India"
"654",674,2018,"States,Myanmar,Myanmar,Thailand"
"655",675,2018,"China,Netherlands,Netherlands"
"656",676,2018,"Bangladesh,Japan"
"657",677,2018,"China,China,Italy,States"
"658",678,2018,"China,China,Arabia"
"659",679,2018,"China,China,Netherlands"
"660",680,2018,"China,China,China,China"
"661",681,2018,"China,Kingdom"
"662",682,2018,"Bangladesh,Bangladesh,Bangladesh,Bangladesh"
"663",683,2018,"Pakistan,Pakistan,Turkey"
"664",684,2018,"India,Australia,Oman,Pakistan,Kenya,Sweden"
"665",685,2018,"States,India"
"666",686,2018,"China,China,China"
"667",687,2018,"Switzerland,Nepal,Mozambique"
"668",688,2018,"Australia"
"669",689,2018,"China,China,Germany"
"670",690,2019,"Norway"
"671",691,2019,"Netherlands"
"672",692,2019,"China,Kingdom"
"673",693,2019,"China,China,China,China"
"674",694,2019,"India,India"
"675",695,2019,"Nepal"
"676",696,2019,"Peru,Nam,India,India"
"677",697,2019,"China"
"678",698,2019,"India"
"679",699,2019,"States"
"680",700,2019,"India,India,India"
"681",701,2019,"China"
"682",702,2019,"Greece,Greece"
"683",703,2019,"Sweden,India,Germany"
"684",704,2019,"India,India"
"685",705,2019,"Nepal"
"686",706,2019,"China,China"
"687",707,2019,"Netherlands,Netherlands,China,China,Zambia,Zambia,China"
"688",708,2019,"India"
"689",709,2019,"India,India,India"
"690",710,2019,"China,Japan"
"691",711,2019,"India,India"
"692",712,2019,"India,India"
"693",713,2019,"Nigeria"
"694",714,2019,"China,Pakistan,China,Kingdom,China"
"695",715,2019,"China"
"696",716,2019,"China,China,China,Australia"
"697",717,2019,"China"
"698",718,2019,"States,India,India,India"
"699",719,2019,"India,States,India,India,India"
"700",720,2019,"China,China,States,China,India"
"701",721,2019,"China,Kingdom,China,Germany,Germany"
"702",722,2019,"China,China,China,China,China,China"
"703",723,2019,"China"
"704",724,2019,"China,China,China"
"705",725,2019,"India"
"706",726,2019,"China,China,Georgia,China,China"
"707",727,2019,"Japan,Japan,Japan"
"708",728,2019,"China,China"
"709",729,2019,"China,Pakistan"
"710",730,2019,"China,France,China"
"711",731,2019,"Pakistan,Pakistan,Pakistan"
"712",732,2019,"China,China,China"
"713",733,2019,"Sweden,Tajikistan"
"714",734,2019,"China"
"715",735,2019,"China,China,China"
"716",736,2019,"India,States,India,India,India"
"717",737,2019,"India,India,Bangladesh,India,Nepal"
"718",738,2019,"India,India,India,India"
"719",739,2019,"India,India,India"
"720",740,2019,"India"
"721",741,2019,"China"
"722",742,2019,"China"
"723",743,2019,"China,States"
"724",744,2019,"China,China"
"725",745,2019,"India"
"726",746,2019,"China,China,China"
"727",747,2019,"India,India"
"728",748,2019,"India,India,India"
"729",749,2019,"China,China,Pakistan"
"730",750,2019,"India,Nepal,India,Fiji"
"731",751,2019,"China,China,China"
"732",752,2019,"China,Japan"
"733",753,2019,"Spain,Spain,Spain,Spain,Spain,Spain,Spain,Switzerland,Italy"
"734",754,2019,"Nepal"
"735",755,2019,"China,China"
"736",756,2019,"China,China"
"737",757,2019,"India"
"738",758,2019,"States,States,Bangladesh"
"739",759,2019,"Pakistan"
"740",760,2019,"Australia,Australia,Australia"
"741",761,2019,"India,Kingdom,Kingdom,Kingdom"
"742",762,2019,"China"
"743",763,2019,"China,China"
"744",764,2019,"China,China,Bangladesh,Japan"
"745",765,2019,"China,China,China"
"746",766,2019,"Pakistan,Pakistan,Pakistan,Pakistan"
"747",767,2019,"India,States,India,India,India,Morocco,India"
"748",768,2019,"India,India,India,India,India"
"749",769,2019,"China"
"750",770,2019,"India,India"
"751",771,2019,"China,China,China,China"
"752",772,2019,"India,India"
"753",773,2019,"India"
"754",774,2019,"India,India,India,India"
"755",775,2019,"India,India,India"
"756",776,2019,"China,China,China,China"
"757",777,2019,"India,India,India"
"758",778,2019,"China,States"
"759",779,2019,"China,China,Pakistan,States"
"760",780,2019,"Germany,Netherlands,Netherlands,Netherlands"
"761",781,2019,"Netherlands,Netherlands,Netherlands"
"762",782,2019,"Assam"
"763",783,2019,"China,Australia"
"764",784,2019,"China,China,China,China,China"
"765",785,2019,"India"
"766",786,2019,"China,China"
"767",787,2019,"China,China,Kingdom,China"
"768",788,2019,"India,India"
"769",789,2019,"China,China"
"770",790,2019,"China,China,States,China"
"771",791,2019,"China"
"772",792,2019,"India,India,India"
"773",793,2019,"China,China"
"774",794,2019,"India,India"
"775",795,2019,"China,China,China"
"776",796,2019,"India"
"777",797,2019,"India,India"
"778",798,2019,"India"
"779",799,2019,"India,States,Sweden"
"780",800,2019,"India,India,India,India"
"781",801,2019,"China,China,China,China"
"782",802,2019,"India"
"783",803,2019,"China,States,China,Africa,China"
"784",804,2019,"India,India"
"785",805,2019,"China,China,China,China,China"
"786",806,2019,"China,China"
"787",807,2019,"China,China,China"
"788",808,2019,"India"
"789",809,2019,"India,India,India,India,India"
"790",810,2019,"China,China,China"
"791",811,2019,"India"
"792",812,2019,"Belgium,France"
"793",813,2019,"India,India,India,India"
"794",814,2019,"China,China,China,China"
"795",815,2019,"Pakistan"
"796",816,2019,"China,China"
"797",817,2019,"Kingdom"
"798",818,2019,"States,States,China,China"
"799",819,2019,"Australia"
"800",820,2019,"Australia,Myanmar,Myanmar,Australia,Australia"
"801",821,2019,"China,China,Germany,China"
"802",822,2019,"Kong,States,China"
"803",823,2019,"Myanmar,Belgium"
"804",824,2019,"Bangladesh,Malaysia,Bangladesh,Bangladesh,Bangladesh,Malaysia"
"805",825,2019,"Pakistan"
"806",826,2019,"Canada,Nepal"
"807",827,2019,"India,India,India"
"808",828,2019,"China,China,China,China"
"809",829,2019,"India,India,India"
"810",830,2019,"China"
"811",831,2019,"Pakistan,Nepal,Pakistan,Pakistan"
"812",832,2019,"China,China,China"
"813",833,2019,"China,China"
"814",834,2019,"China,China,China"
"815",835,2019,"Switzerland,Switzerland,Italy"
"816",836,2019,"India,India"
"817",837,2019,"India"
"818",838,2019,"India,India,India,India"
"819",839,2019,"China,China"
"820",840,2019,"China,Nepal,China,States,India,Bhutan,India,China,India,Myanmar,Switzerland"
"821",841,2019,"Australia,Pakistan"
"822",842,2019,"China,China,China,Netherlands,China"
"823",843,2019,"Malaysia,Malaysia,Myanmar,Kingdom"
"824",844,2019,"India,India,India"
"825",845,2019,"Pakistan,Pakistan,Pakistan,Pakistan,Denmark"
"826",846,2020,"China,China,China,States"
"827",847,2020,"India,States,India"
"828",848,2020,"India,States,Nepal,Nepal,Nepal"
"829",849,2020,"India,India,India,India,India"
"830",850,2020,"China,Netherlands,Kingdom"
"831",851,2020,"India"
"832",852,2020,"China,China,China,China"
"833",853,2020,"China,Finland"
"834",854,2020,"China"
"835",855,2020,"India,Nepal,States"
"836",856,2020,"India,India,Germany,India"
"837",857,2020,"Singapore,Singapore,Singapore,Singapore,Singapore,Australia,Korea,China,Singapore"
"838",858,2020,"China,China,China,China,China,China"
"839",859,2020,"Nepal"
"840",860,2020,"India,Afghanistan,Italy,Qatar,Qatar"
"841",861,2020,"India,India,India,India,India,India,India"
"842",862,2020,"India,India,India,India"
"843",863,2020,"China,States,China"
"844",864,2020,"China,States,China"
"845",865,2020,"India"
"846",866,2020,"China,China,China,China"
"847",867,2020,"India,India,India,India"
"848",868,2020,"China"
"849",869,2020,"China,China,China"
"850",870,2020,"Kingdom,Kingdom"
"851",871,2020,"China,China"
"852",872,2020,"China,China,China,China"
"853",873,2020,"Bhutan,France,France,France"
"854",874,2020,"China"
"855",875,2020,"India,India,India,India"
"856",876,2020,"India,Canada,Canada,Canada"
"857",877,2020,"India,India,India,India"
"858",878,2020,"China,China,China,China"
"859",879,2020,"India,India,Italy,India"
"860",880,2020,"China,China,China"
"861",881,2020,"Oman,Pakistan,Tunisia,Oman,Korea"
"862",882,2020,"Netherlands,Bangladesh,Netherlands,Bangladesh,Argentina,Netherlands"
"863",883,2020,"Nepal,Nepal,Nepal,States"
"864",884,2020,"China,China,States"
"865",885,2020,"China,China,China"
"866",886,2020,"Netherlands,Netherlands,Nepal,Argentina,Netherlands,States"
"867",887,2020,"States,Nepal,Australia,States,Georgia"
"868",888,2020,"Bangladesh,Bangladesh,Bangladesh"
"869",889,2020,"China,Nepal,China,Nepal,China,Nepal"
"870",890,2020,"Kong,Kong,Kong"
"871",891,2020,"China"
"872",892,2020,"India,India,Italy"
"873",893,2020,"China,China,China"
"874",894,2020,"India,States,States"
"875",895,2020,"States,States"
"876",896,2020,"India,India"
"877",897,2020,"India"
"878",898,2020,"Switzerland"
"879",899,2020,"Kingdom,China"
"880",900,2020,"India,India,India,India,India,India,Italy"
"881",901,2020,"China,China"
"882",902,2020,"China,China,Pakistan"
"883",903,2020,"China,China,China,China"
"884",904,2020,"Nepal,Denmark"
"885",905,2020,"China,China"
